ZIPCODE,ZIPCODEmap
27006,27006
27007,27007
27009,27009
27011,27011
27012,27012
27013,27013
27014,27014
27016,27016
27017,27017
27018,27018
27019,27019
27020,27020
27021,27021
27022,27022
27023,27023
27024,27024
27025,27025
27027,27027
27028,27028
27030,27030
27040,27040
27041,27041
27042,27042
27043,27043
27045,27045
27046,27046
27047,27047
27048,27048
27050,27050
27051,27051
27052,27052
27053,27053
27054,27054
27055,27055
27101,27101
27103,27103
27104,27104
27105,27105
27106,27106
27107,27107
27127,27127
27157,27103
27203,27203
27205,27205
27207,27207
27208,27208
27209,27209
27212,27212
27214,27214
27215,27215
27217,27217
27229,27229
27231,27231
27233,27233
27235,27235
27239,27239
27242,27242
27243,27243
27244,27244
27248,27248
27249,27249
27252,27252
27253,27253
27258,27258
27260,27260
27262,27262
27263,27263
27265,27265
27268,27262
27278,27278
27281,27281
27282,27282
27283,27283
27284,27284
27288,27288
27291,27291
27292,27292
27295,27295
27298,27298
27299,27299
27301,27301
27302,27302
27305,27305
27306,27306
27310,27310
27311,27311
27312,27312
27313,27313
27314,27314
27315,27315
27316,27316
27317,27317
27320,27320
27325,27325
27326,27326
27330,27330
27332,27332
27340,27253
27341,27341
27343,27343
27344,27344
27349,27349
27350,27350
27355,27355
27356,27356
27357,27357
27358,27358
27360,27360
27370,27370
27371,27371
27376,27376
27377,27377
27379,27379
27401,27401
27403,27403
27405,27405
27406,27406
27407,27407
27408,27408
27409,27409
27410,27410
27411,27411
27412,27412
27455,27455
27498,27409
27501,27501
27502,27502
27503,27503
27504,27504
27505,27505
27507,27507
27508,27508
27509,27509
27510,27510
27511,27511
27513,27513
27514,27514
27516,27516
27517,27517
27518,27518
27519,27519
27520,27520
27521,27521
27522,27522
27523,27523
27524,27524
27525,27525
27526,27526
27527,27527
27529,27529
27530,27530
27531,27531
27533,27530
27534,27534
27536,27536
27537,27537
27539,27539
27540,27540
27541,27541
27542,27542
27544,27544
27545,27545
27546,27546
27549,27549
27551,27551
27553,27553
27556,27537
27557,27557
27559,27559
27560,27560
27562,27562
27563,27563
27565,27565
27569,27569
27571,27571
27572,27572
27573,27573
27574,27574
27576,27576
27577,27577
27581,27581
27583,27583
27587,27587
27589,27589
27591,27591
27592,27592
27596,27596
27597,27597
27599,27599
27601,27601
27603,27603
27604,27604
27605,27605
27606,27606
27607,27607
27608,27608
27609,27609
27610,27610
27612,27612
27613,27613
27614,27614
27615,27615
27616,27616
27617,27617
27701,27701
27703,27703
27704,27704
27705,27705
27706,27701
27707,27707
27708,27708
27709,27709
27710,27710
27711,27713
27712,27712
27713,27713
27801,27801
27803,27803
27804,27804
27805,27805
27806,27806
27807,27807
27808,27808
27809,27809
27810,27810
27812,27812
27813,27893
27814,27814
27816,27816
27817,27817
27818,27818
27820,27820
27821,27821
27822,27822
27823,27823
27824,27824
27826,27826
27827,27829
27828,27828
27829,27829
27830,27830
27831,27831
27832,27832
27834,27834
27837,27837
27839,27839
27840,27840
27841,27857
27842,27842
27843,27843
27844,27844
27845,27845
27846,27846
27847,27847
27849,27849
27850,27850
27851,27851
27852,27852
27853,27853
27855,27855
27856,27856
27857,27857
27858,27858
27860,27860
27862,27862
27863,27863
27864,27864
27865,27865
27866,27866
27869,27869
27870,27870
27871,27871
27872,27872
27874,27874
27875,27875
27876,27876
27880,27880
27881,27843
27882,27882
27883,27883
27884,27884
27885,27885
27886,27886
27888,27888
27889,27889
27890,27890
27891,27891
27892,27892
27893,27893
27896,27896
27897,27897
27909,27909
27910,27910
27915,27915
27916,27916
27917,27917
27919,27919
27920,27920
27921,27921
27922,27922
27923,27923
27924,27924
27925,27925
27926,27926
27927,27927
27928,27928
27929,27929
27932,27932
27935,27935
27936,27936
27937,27937
27938,27938
27939,27939
27941,27941
27942,27942
27943,27943
27944,27944
27946,27946
27947,27947
27948,27948
27949,27949
27950,27950
27953,27953
27954,27954
27956,27956
27957,27957
27958,27958
27959,27959
27960,27960
27962,27962
27964,27964
27965,27965
27966,27966
27968,27982
27969,27937
27970,27970
27972,27972
27973,27973
27974,27974
27976,27976
27978,27978
27979,27979
27980,27980
27981,27981
27982,27982
27983,27983
27986,27986
28001,28001
28006,28006
28012,28012
28016,28016
28018,28018
28020,28020
28021,28021
28023,28023
28025,28025
28027,28027
28031,28031
28032,28032
28033,28033
28034,28034
28036,28036
28037,28037
28039,28144
28040,28040
28043,28043
28052,28052
28054,28054
28056,28056
28071,28071
28073,28073
28075,28075
28077,28034
28078,28078
28079,28079
28080,28080
28081,28081
28083,28083
28086,28086
28088,28088
28090,28090
28091,28091
28092,28092
28097,28097
28098,28098
28101,28101
28103,28103
28104,28104
28105,28105
28107,28107
28110,28110
28112,28112
28114,28114
28115,28115
28117,28117
28119,28119
28120,28120
28124,28124
28125,28125
28127,28127
28128,28128
28129,28129
28133,28133
28134,28134
28135,28135
28137,28137
28138,28138
28139,28139
28144,28144
28146,28146
28147,28147
28150,28150
28152,28152
28159,28159
28160,28160
28163,28163
28164,28164
28166,28166
28167,28167
28168,28168
28170,28170
28173,28173
28174,28174
28202,28202
28203,28203
28204,28204
28205,28205
28206,28206
28207,28207
28208,28208
28209,28209
28210,28210
28211,28211
28212,28212
28213,28213
28214,28214
28215,28215
28216,28216
28217,28217
28223,28262
28226,28226
28227,28227
28253,28269
28262,28262
28269,28269
28270,28270
28273,28273
28277,28277
28278,28278
28301,28301
28303,28303
28304,28304
28305,28305
28306,28306
28307,28307
28308,28308
28310,28310
28311,28311
28312,28312
28314,28314
28315,28315
28318,28318
28320,28320
28323,28323
28326,28326
28327,28327
28328,28328
28333,28333
28334,28334
28337,28337
28338,28338
28339,28339
28340,28340
28341,28341
28343,28343
28344,28344
28345,28345
28347,28347
28348,28348
28349,28349
28350,28394
28351,28351
28352,28352
28356,28356
28357,28357
28358,28358
28360,28360
28363,28363
28364,28364
28365,28365
28366,28366
28369,28369
28371,28371
28372,28372
28373,28373
28374,28374
28375,28369
28376,28376
28377,28377
28379,28379
28382,28382
28383,28383
28384,28384
28385,28385
28386,28386
28387,28387
28390,28390
28391,28391
28392,28392
28393,28393
28394,28394
28395,28395
28396,28396
28398,28398
28399,28399
28401,28401
28403,28403
28405,28405
28409,28409
28411,28411
28412,28412
28420,28420
28421,28421
28422,28422
28423,28423
28425,28425
28428,28428
28429,28429
28430,28430
28431,28431
28432,28432
28433,28433
28434,28434
28435,28435
28436,28436
28438,28438
28439,28439
28441,28441
28442,28442
28443,28443
28444,28444
28445,28445
28447,28447
28448,28448
28449,28449
28450,28450
28451,28451
28452,28452
28453,28453
28454,28454
28455,28455
28456,28456
28457,28457
28458,28458
28460,28460
28461,28461
28462,28462
28463,28463
28464,28464
28465,28465
28466,28466
28467,28467
28468,28468
28469,28469
28470,28470
28472,28472
28478,28478
28479,28479
28480,28480
28501,28501
28504,28504
28508,28508
28510,28510
28511,28511
28512,28512
28513,28513
28515,28515
28516,28516
28518,28518
28519,28560
28520,28520
28521,28521
28523,28523
28524,28524
28525,28525
28526,28526
28527,28527
28528,28528
28529,28529
28530,28530
28531,28531
28532,28532
28533,28532
28537,28537
28538,28538
28539,28539
28540,28540
28542,28542
28543,28543
28544,28544
28545,28540
28546,28546
28547,28547
28551,28551
28552,28552
28553,28553
28555,28555
28556,28556
28557,28557
28560,28560
28561,28562
28562,28562
28570,28570
28571,28571
28572,28572
28573,28573
28574,28574
28577,28577
28578,28578
28579,28579
28580,28580
28581,28581
28582,28582
28583,28515
28584,28584
28585,28585
28586,28586
28587,28587
28590,28590
28594,28594
28601,28601
28602,28602
28604,28604
28605,28605
28606,28606
28607,28607
28608,28608
28609,28609
28610,28610
28611,28611
28612,28612
28613,28613
28615,28615
28617,28617
28618,28618
28621,28621
28622,28622
28623,28623
28624,28624
28625,28625
28626,28626
28627,28627
28629,28694
28630,28630
28631,28631
28634,28634
28635,28635
28636,28636
28637,28637
28638,28638
28640,28640
28642,28642
28643,28643
28644,28644
28645,28645
28646,28646
28649,28649
28650,28650
28651,28651
28654,28654
28655,28655
28657,28657
28658,28658
28659,28659
28660,28660
28663,28663
28665,28665
28667,28630
28668,28668
28669,28669
28670,28670
28672,28672
28673,28673
28675,28675
28676,28676
28677,28677
28678,28678
28679,28679
28681,28681
28682,28682
28683,28683
28684,28684
28685,28685
28689,28689
28690,28690
28692,28692
28693,28693
28694,28694
28697,28697
28698,28698
28701,28701
28702,28702
28704,28704
28705,28705
28708,28708
28709,28709
28711,28711
28712,28712
28713,28713
28714,28714
28715,28715
28716,28716
28717,28717
28718,28718
28719,28719
28720,28746
28721,28721
28722,28722
28723,28723
28725,28779
28726,28726
28729,28729
28730,28730
28731,28731
28732,28732
28733,28733
28734,28734
28735,28735
28736,28736
28739,28739
28740,28740
28741,28741
28742,28742
28743,28743
28745,28745
28746,28746
28747,28747
28748,28748
28749,28752
28751,28751
28752,28752
28753,28753
28754,28754
28756,28756
28757,28711
28759,28759
28761,28761
28762,28762
28763,28763
28766,28766
28768,28768
28771,28771
28772,28772
28773,28773
28774,28774
28775,28775
28777,28777
28778,28778
28779,28779
28781,28781
28782,28782
28783,28783
28785,28785
28786,28786
28787,28787
28789,28789
28790,28790
28791,28791
28792,28792
28801,28801
28803,28803
28804,28804
28805,28805
28806,28806
28901,28901
28902,28902
28904,28904
28905,28905
28906,28906
28909,28909
