ZIPCODEmap,POP,CASES,DEATHS,CASERATE,DEATHRATE
27006,14872,116,3,7.79989241527703,0.20172135556750942
27007,2136,31,0,14.513108614232209,0
27009,2937,13,0,4.42628532516173,0
27011,5411,75,0,13.86065422287932,0
27012,28954,413,11,14.264004973406092,0.3799129653933826
27013,6495,92,3,14.164742109314858,0.4618937644341801
27014,957,7,0,7.3145245559038665,0
27016,1682,20,0,11.890606420927467,0
27017,9499,203,1,21.370670596904937,0.10527423939362038
27018,8221,116,2,14.110205571098406,0.24327940639824838
27019,4234,38,0,8.974964572508267,0
27020,6104,137,2,22.44429882044561,0.32765399737876805
27021,17979,156,1,8.676789587852495,0.05562044607597753
27022,1512,13,0,8.597883597883598,0
27023,12775,155,1,12.13307240704501,0.07827788649706457
27024,2683,26,1,9.690644800596347,0.37271710771524413
27025,11117,248,2,22.308176666366826,0.17990465053521634
27027,4017,48,0,11.949215832710978,0
27028,28039,414,3,14.76514854310068,0.1069938300224687
27030,37641,629,11,16.710501846390905,0.29223453149491246
27040,13150,127,1,9.657794676806084,0.07604562737642585
27041,8020,83,0,10.349127182044887,0
27042,720,12,1,16.666666666666668,1.3888888888888888
27043,6442,85,1,13.194660043464763,0.1552312946289972
27045,9583,169,3,17.635396013774393,0.31305436710842116
27046,1953,16,0,8.19252432155658,0
27047,1279,9,0,7.0367474589523065,0
27048,8902,89,0,9.997753313862054,0
27050,4084,35,0,8.570029382957884,0
27051,8287,104,1,12.54977675877881,0.12067093037287317
27052,10061,92,0,9.144220256435743,0
27053,3156,21,0,6.653992395437262,0
27054,2608,43,0,16.487730061349694,0
27055,14521,309,2,21.279526203429516,0.13773156118724605
27101,24321,310,11,12.746186423255622,0.4522840343735866
27103,36076,607,14,16.82559042022397,0.38806963077946555
27104,29383,438,11,14.906578633903958,0.3743661300752136
27105,40186,1049,9,26.103618175483998,0.2239585925446673
27106,51378,842,7,16.388337420685897,0.13624508544513217
27107,52432,1194,14,22.772352761672263,0.26701251144339333
27127,38510,801,6,20.799792261750195,0.15580368735393405
27203,21876,737,19,33.689888462241726,0.8685317242640337
27205,34549,645,10,18.669136588613274,0.28944397811803524
27207,3806,87,1,22.858644245927483,0.2627430373095113
27208,1691,38,0,22.471910112359552,0
27209,4151,321,17,77.33076367140448,4.095398699108649
27212,1600,77,0,48.125,0
27214,11747,128,1,10.896399080616328,0.08512811781731507
27215,44892,790,8,17.597790252160742,0.17820547090795688
27217,39111,1416,37,36.20464830865997,0.9460254148449285
27229,4014,214,3,53.313403089187844,0.7473841554559043
27231,2048,17,0,8.30078125,0
27233,3647,19,0,5.2097614477652865,0
27235,4575,59,0,12.896174863387978,0
27239,9629,103,3,10.6968532557898,0.31155883269290685
27242,2668,41,0,15.367316341829085,0
27243,4665,65,1,13.933547695605574,0.21436227224008575
27244,16259,194,2,11.931853127498616,0.12300879512885171
27248,4835,61,2,12.616339193381593,0.4136504653567735
27249,13355,152,2,11.381505054286784,0.1497566454511419
27252,2264,12,1,5.30035335689046,0.4416961130742049
27253,31498,869,4,27.589053273223698,0.12699218998031622
27258,7740,158,2,20.41343669250646,0.25839793281653745
27260,25696,573,14,22.299190535491906,0.5448318804483188
27262,26459,492,6,18.59480705997959,0.22676593975584866
27263,22320,388,4,17.38351254480287,0.17921146953405018
27265,50038,685,21,13.689595907110595,0.4196810424077701
27278,27181,317,1,11.662558404768037,0.036790405062359734
27281,3710,52,0,14.016172506738544,0
27282,16597,207,3,12.472133518105682,0.1807555582334157
27283,2982,37,1,12.407780013413817,0.335345405767941
27284,56201,764,8,13.594064162559386,0.14234622159748048
27288,23585,322,3,13.652745389018444,0.1271994912020352
27291,1538,4,0,2.600780234070221,0
27292,41465,669,6,16.13408899071506,0.14470034969251175
27295,39191,549,16,14.00831823632977,0.40825699778010255
27298,10440,149,0,14.272030651340996,0
27299,5254,86,0,16.36848115721355,0
27301,10019,107,2,10.67970855374788,0.19962072063080147
27302,32302,446,0,13.807194600953501,0
27305,1585,37,1,23.34384858044164,0.6309148264984227
27306,5945,155,3,26.07232968881413,0.5046257359125316
27310,8562,77,1,8.993225881803317,0.116795141322121
27311,3220,20,0,6.211180124223603,0
27312,22205,237,20,10.673271785633867,0.9006980409817609
27313,7288,125,16,17.151481888035125,2.1953896816684964
27314,1138,7,0,6.151142355008787,0
27315,2140,17,0,7.94392523364486,0
27316,7156,195,11,27.249860257126887,1.5371716042481833
27317,17851,266,4,14.901125987339645,0.22407708251638564
27320,38894,390,8,10.02725356096056,0.2056872525325243
27325,7676,245,2,31.917665450755603,0.26055237102657636
27326,3692,36,2,9.750812567713977,0.5417118093174431
27330,39529,1014,9,25.65205292317033,0.2276809431050621
27332,33549,687,5,20.477510507019584,0.14903573877015708
27341,5820,77,0,13.230240549828178,0
27343,1840,9,0,4.891304347826087,0
27344,19290,899,22,46.604458268532916,1.1404872991187143
27349,5850,60,1,10.256410256410257,0.17094017094017094
27350,7508,78,0,10.388918486947256,0
27355,3196,54,0,16.896120150187734,0
27356,3513,79,1,22.487902077996015,0.2846569883290635
27357,8325,84,1,10.09009009009009,0.12012012012012012
27358,15960,186,1,11.654135338345865,0.06265664160401002
27360,48331,950,9,19.65612132999524,0.18621588628416544
27370,14622,174,1,11.899876897825195,0.0683900971139379
27371,7778,219,3,28.156338390331705,0.3857032656209823
27376,9884,140,5,14.164305949008499,0.5058680696074463
27377,9597,126,0,13.12910284463895,0
27379,6057,87,1,14.363546310054483,0.1650982334489021
27401,20221,341,10,16.863656594629347,0.4945353840067257
27403,21278,241,8,11.326252467337156,0.3759751856377479
27405,52510,1013,17,19.291563511712056,0.32374785755094265
27406,60755,952,41,15.669492222862315,0.6748415768249527
27407,49837,886,13,17.77795613700664,0.2608503722134157
27408,17406,213,0,12.237159600137883,0
27409,17966,252,2,14.026494489591451,0.11132138483802738
27410,56968,546,7,9.584328043814072,0.12287600056171886
27411,847,1,0,1.1806375442739079,0
27412,1886,2,0,1.0604453870625663,0
27455,29197,325,9,11.13128061102168,0.30825084768983113
27501,21338,364,2,17.058768394413722,0.09372949667260287
27502,43747,429,3,9.806386723661051,0.06857613093469267
27503,7222,29,0,4.015508169482138,0
27504,16320,297,4,18.198529411764707,0.24509803921568626
27505,7308,146,5,19.978106185002737,0.6841817186644773
27507,2053,29,1,14.125669751583048,0.4870920603994155
27508,2340,50,0,21.367521367521366,0
27509,6935,670,28,96.6113914924297,4.037490987743331
27510,14543,245,4,16.846592862545556,0.2750464140823764
27511,34041,446,3,13.10184777180459,0.08812902088657795
27513,49003,416,2,8.4892761667653,0.04081382772483318
27514,32847,695,19,21.158705513441106,0.5784394313027065
27516,44117,730,12,16.546909354670536,0.2720039893918444
27517,28831,335,4,11.619437411119975,0.13873955117755193
27518,22765,192,1,8.43399956072919,0.04392708104546453
27519,59960,471,4,7.8552368245497,0.066711140760507
27520,43958,948,26,21.56604031120615,0.5914736794212657
27521,7149,123,2,17.20520352496853,0.27975940691005735
27522,13652,254,1,18.60533255200703,0.0732493407559332
27523,12782,139,0,10.874667501173525,0
27524,13532,323,4,23.86934673366834,0.29559562518474725
27525,15534,270,1,17.381228273464657,0.06437491953135059
27526,54027,614,13,11.364688026357191,0.240620430525478
27527,30234,411,0,13.593967056955746,0
27529,53854,973,22,18.067367326475285,0.4085119025513425
27530,40212,714,22,17.755893763055806,0.5471003680493385
27531,666,3,0,4.504504504504505,0
27534,31819,638,12,20.05091297652346,0.37713315943304315
27536,16459,461,32,28.008992040828726,1.9442250440488487
27537,25619,491,11,19.165463132831103,0.42936882782310004
27539,26567,286,2,10.765235066059397,0.07528136409831745
27540,39075,389,1,9.955214331413947,0.025591810620601407
27541,4044,39,0,9.643916913946587,0
27542,10043,153,3,15.23449168575127,0.2987155232500249
27544,4291,53,0,12.351433232346773,0
27545,30327,688,22,22.686055330233785,0.7254261878853827
27546,22436,464,27,20.6810483152077,1.2034230700659654
27549,25224,553,27,21.923564858864573,1.070409134157945
27551,2205,20,1,9.070294784580499,0.45351473922902497
27553,2030,27,0,13.300492610837438,0
27557,9214,171,1,18.558714998914695,0.10853049706967657
27559,2874,31,0,10.786360473208072,0
27560,33691,355,1,10.536938648303702,0.029681517319165355
27562,2791,29,0,10.390541024722321,0
27563,5312,100,1,18.825301204819276,0.18825301204819278
27565,26057,620,24,23.793990098629926,0.9210576812372875
27569,8984,177,0,19.701691896705253,0
27571,7385,76,0,10.291130670277589,0
27572,7316,61,0,8.337889557135046,0
27573,11561,129,6,11.15820430758585,0.518986246864458
27574,15232,149,0,9.782037815126051,0
27576,20197,602,8,29.80640689211269,0.3960984304599693
27577,25214,702,6,27.841675259776316,0.23796303640834457
27581,3956,51,0,12.891809908998988,0
27583,7012,89,0,12.692527096406161,0
27587,74087,922,31,12.444828377448136,0.4184269844912063
27589,8312,144,4,17.324350336862366,0.48123195380173245
27591,23448,444,4,18.93551688843398,0.17059024223814398
27592,17368,252,1,14.509442653155228,0.05757715338553662
27596,18655,222,1,11.900294827124096,0.05360493165371214
27597,25494,427,5,16.749038989566174,0.19612457833215657
27599,0,0,0,NA,NA
27601,12139,159,2,13.098278276629047,0.16475821731608864
27603,55479,1010,5,18.20508660934768,0.09012419113538456
27604,47645,1176,20,24.68254801133382,0.419771224682548
27605,5253,100,3,19.036740909956215,0.5711022272986864
27606,47938,811,2,16.917685343568778,0.041720555717802164
27607,30296,609,3,20.10166358595194,0.09902297332981251
27608,11603,158,1,13.61716797379988,0.08618460742911316
27609,38631,688,9,17.80953120550853,0.2329735186767104
27610,74203,2373,42,31.979839090063745,0.5660148511515707
27612,39208,515,6,13.13507447459702,0.15302999387880026
27613,46521,495,6,10.640355968272393,0.12897401173663506
27614,37689,384,6,10.188649207991721,0.15919764387487065
27615,46038,630,19,13.684347712759026,0.4127025500673357
27616,55260,1143,6,20.684039087947884,0.10857763300760044
27617,19511,226,1,11.583209471580135,0.051253139254779354
27701,26499,655,6,24.717913883542774,0.22642363862787274
27703,61351,1610,9,26.242441036005932,0.1466968753565549
27704,39369,1523,18,38.68525997612335,0.45721252762325687
27705,48078,1260,41,26.20741295394983,0.8527808977078913
27707,47036,1117,5,23.747767667318648,0.10630155625478357
27708,4635,6,0,1.2944983818770226,0
27709,4,0,0,0,0
27710,0,0,0,NA,NA
27712,22055,401,21,18.181818181818183,0.952165041940603
27713,54058,783,4,14.484442635687595,0.07399459839431721
27801,21556,476,13,22.082018927444796,0.6030803488587864
27803,22337,405,7,18.131351569145366,0.31338138514572234
27804,29160,694,19,23.799725651577504,0.6515775034293553
27805,3769,84,0,22.287078800742904,0
27806,2441,19,0,7.783695206882426,0
27807,6940,224,3,32.27665706051873,0.4322766570605187
27808,2481,35,1,14.107214832728738,0.4030632809351068
27809,5254,125,2,23.79139703083365,0.3806623524933384
27810,4224,44,0,10.416666666666666,0
27812,2951,54,0,18.298881735005082,0
27814,1801,19,0,10.549694614103275,0
27816,2634,53,0,20.121488230827637,0
27817,7777,123,0,15.815867301015816,0
27818,1269,34,0,26.792750197005518,0
27820,3292,41,2,12.454434993924666,0.6075334143377886
27821,343,0,0,0,0
27822,9119,177,3,19.410023028840882,0.3289834411667946
27823,7812,155,1,19.841269841269842,0.12800819252432155
27824,1540,23,0,14.935064935064934,0
27826,1245,33,2,26.50602409638554,1.606425702811245
27828,9031,138,1,15.280699811759495,0.11072970878086591
27829,1971,30,1,15.220700152207002,0.5073566717402334
27830,4858,80,1,16.467682173734048,0.20584602717167558
27831,3588,71,1,19.788182831661093,0.2787068004459309
27832,2912,68,0,23.35164835164835,0
27834,57505,1403,10,24.39787844535258,0.17389792191983305
27837,6506,99,1,15.216723024900093,0.1537042729787888
27839,3702,40,0,10.804970286331713,0
27840,535,22,2,41.12149532710281,3.7383177570093458
27842,1436,13,0,9.052924791086351,0
27843,1269,22,0,17.336485421591803,0
27844,3039,73,0,24.02105955906548,0
27845,2841,19,0,6.687785990848293,0
27846,3069,48,1,15.640273704789834,0.3258390355164549
27847,1071,21,0,19.607843137254903,0
27849,1483,32,0,21.57788267026298,0
27850,7413,58,0,7.824092809928504,0
27851,5595,124,0,22.16264521894549,0
27852,3454,49,0,14.186450492182976,0
27853,436,10,0,22.93577981651376,0
27855,6105,131,1,21.457821457821456,0.1638001638001638
27856,17301,344,4,19.883243743136234,0.23120050864111902
27857,1685,42,1,24.92581602373887,0.5934718100890207
27858,58170,1712,7,29.430978167440262,0.12033694344163658
27860,2062,45,1,21.823472356935014,0.48496605237633367
27862,945,9,0,9.523809523809524,0
27863,12670,183,1,14.443567482241516,0.07892659826361484
27864,4823,106,2,21.978021978021978,0.4146796599626788
27865,2003,22,1,10.983524712930604,0.49925112331502747
27866,672,21,1,31.25,1.4880952380952381
27869,2167,82,11,37.84033225657591,5.0761421319796955
27870,26633,460,14,17.27180565463898,0.5256636503585776
27871,4466,77,3,17.24137931034483,0.6717420510523959
27872,429,7,0,16.317016317016318,0
27874,4766,76,1,15.946286193873268,0.209819555182543
27875,511,7,0,13.698630136986301,0
27876,1290,27,1,20.930232558139537,0.7751937984496124
27880,3280,86,0,26.21951219512195,0
27882,7927,261,3,32.92544468272991,0.37845338715781507
27883,4361,80,1,18.344416418252695,0.22930520522815867
27884,1545,24,0,15.533980582524272,0
27885,859,55,3,64.0279394644936,3.492433061699651
27886,21595,555,26,25.70039360963186,1.2039824033341051
27888,2803,72,0,25.68676418123439,0
27889,27543,598,14,21.711505645717605,0.5082961187960643
27890,2398,48,2,20.016680567139282,0.8340283569641368
27891,5011,84,5,16.763121133506285,0.9978048293753742
27892,14363,267,4,18.589431177330642,0.27849335097124556
27893,41334,1180,26,28.547926646344415,0.6290221125465718
27896,21212,399,13,18.810107486328494,0.612860644917971
27897,2467,52,1,21.07823267126064,0.40535062829347385
27909,40958,654,30,15.96757654182333,0.7324576395331803
27910,11609,459,26,39.53828925833405,2.2396416573348263
27915,758,10,0,13.192612137203167,0
27916,554,2,0,3.6101083032490973,0
27917,1084,4,0,3.690036900369004,0
27919,1211,15,1,12.386457473162675,0.8257638315441783
27920,1415,28,0,19.78798586572438,0
27921,5366,51,3,9.504286246738726,0.5590756615728661
27922,1107,27,0,24.390243902439025,0
27923,990,2,0,2.0202020202020203,0
27924,3509,80,1,22.79851809632374,0.28498147620404674
27925,4164,112,2,26.897214217098945,0.4803073967339097
27926,1965,14,0,7.124681933842239,0
27927,613,5,0,8.156606851549755,0
27928,1888,48,1,25.423728813559322,0.5296610169491526
27929,1949,8,0,4.104669061056952,0
27932,12644,253,3,20.00949066751028,0.2372666877570389
27935,1674,18,2,10.75268817204301,1.1947431302270013
27936,961,10,1,10.40582726326743,1.0405827263267429
27937,4253,63,1,14.813073124853045,0.2351281448389372
27938,1430,15,0,10.48951048951049,0
27939,3370,13,0,3.857566765578635,0
27941,670,5,0,7.462686567164179,0
27942,936,22,0,23.504273504273506,0
27943,491,8,0,16.293279022403258,0
27944,12230,150,1,12.264922322158627,0.08176614881439084
27946,1089,16,0,14.692378328741965,0
27947,845,6,0,7.100591715976331,0
27948,12518,98,0,7.828726633647547,0
27949,7235,40,0,5.5286800276434,0
27950,2183,7,0,3.20659642693541,0
27953,992,6,0,6.048387096774194,0
27954,6405,42,0,6.557377049180328,0
27956,328,0,0,0,0
27957,1419,36,1,25.36997885835095,0.704721634954193
27958,12061,106,1,8.788657656910704,0.08291186468783683
27959,2451,19,1,7.751937984496124,0.4079967360261118
27960,899,4,0,4.4493882091212456,0
27962,7439,85,3,11.42626697136712,0.4032800107541336
27964,653,2,0,3.0627871362940278,0
27965,611,0,0,0,0
27966,1473,6,0,4.0733197556008145,0
27970,3214,67,4,20.846297448662103,1.2445550715619167
27972,196,0,0,0,0
27973,1493,12,0,8.037508372404554,0
27974,1375,8,0,5.818181818181818,0
27976,3561,45,0,12.636899747262005,0
27978,221,0,0,0,0
27979,1813,13,0,7.170435741864313,0
27980,2075,71,0,34.21686746987952,0
27981,1863,7,0,3.7573805689747717,0
27982,413,5,0,12.106537530266344,0
27983,10633,271,4,25.486692372801656,0.37618734129596537
27986,2650,53,2,20,0.7547169811320755
28001,28360,862,43,30.394922425952046,1.5162200282087448
28006,1136,19,0,16.725352112676056,0
28012,24276,520,4,21.42033283901796,0.16477179106936893
28016,14526,233,3,16.04020377254578,0.20652622883106153
28018,5943,58,0,9.759380784115766,0
28020,2464,33,0,13.392857142857142,0
28021,13436,283,10,21.06281631437928,0.7442691277165823
28023,14843,250,1,16.84295627568551,0.06737182510274203
28025,55325,1053,16,19.03298689561681,0.28920018075011295
28027,74072,1342,21,18.117507290204127,0.2835079382222702
28031,31049,508,16,16.36123546652066,0.5153145028825405
28032,3249,68,0,20.92951677439212,0
28033,3362,65,1,19.333729922665082,0.297441998810232
28034,18416,404,10,21.937445699391834,0.5430060816681147
28036,18554,292,5,15.737846286515037,0.26948366928964107
28037,23834,332,1,13.929680288663254,0.04195686833934715
28040,8270,102,2,12.333736396614269,0.2418379685610641
28043,21472,370,9,17.231743666169894,0.41915052160953803
28052,36823,1014,20,27.53713711538984,0.5431387991201151
28054,40184,1000,16,24.885526577742386,0.3981684252438782
28056,35595,665,7,18.682399213372666,0.19665683382497542
28071,3198,61,2,19.074421513445905,0.6253908692933083
28073,5606,103,1,18.373171601855155,0.17838030681412773
28075,19174,280,6,14.603108375925732,0.31292375091269425
28078,66079,912,12,13.801661647422025,0.1816008111502898
28079,39813,579,10,14.542988471102404,0.2511742395699897
28080,8157,93,2,11.40125045972784,0.245188181929631
28081,28249,530,5,18.76172607879925,0.17699741583772877
28083,25877,523,9,20.21099818371527,0.34779920392626656
28086,26988,614,22,22.750852230621017,0.8151771157551504
28088,3059,56,0,18.30663615560641,0
28090,8506,111,3,13.049612038561015,0.3526922172584058
28091,2353,42,0,17.84955376115597,0
28092,40052,753,7,18.800559272945172,0.17477279536602416
28097,6124,108,0,17.635532331809276,0
28098,4010,56,1,13.965087281795512,0.24937655860349128
28101,465,7,0,15.053763440860216,0
28103,11346,235,1,20.71214524942711,0.08813678829543452
28104,32469,491,6,15.12211648033509,0.18479164741753673
28105,45346,849,39,18.72270983107661,0.8600538084946853
28107,8210,139,3,16.930572472594395,0.3654080389768575
28110,55536,1298,24,23.372227023912416,0.43215211754537597
28112,28060,817,10,29.11617961511048,0.3563791874554526
28114,9034,136,2,15.05423953951738,0.22138587558113793
28115,41536,459,3,11.050654853620955,0.07222650231124808
28117,47608,610,2,12.812972609645438,0.04200974626113258
28119,3034,70,1,23.071852340145025,0.3295978905735003
28120,24318,401,5,16.489842914713382,0.20560901389916933
28124,7015,100,3,14.255167498218103,0.4276550249465431
28125,2657,32,0,12.043658261196839,0
28127,7631,448,3,58.707901978770806,0.39313327217926874
28128,8098,144,3,17.782168436651023,0.37046184243022967
28129,6031,107,2,17.741668048416514,0.331619963521804
28133,2713,48,0,17.692591227423517,0
28134,11817,288,2,24.371667936024373,0.16924769400016926
28135,5968,104,0,17.42627345844504,0
28137,3843,76,0,19.776216497527972,0
28138,11659,162,4,13.894845183978044,0.3430825971352603
28139,20134,344,14,17.08552696930565,0.6953412138670905
28144,26274,721,32,27.441577224632717,1.217934079317957
28146,30382,538,6,17.707853334211045,0.19748535316963992
28147,26204,846,34,32.28514730575485,1.297511830254923
28150,29296,647,23,22.084926269797926,0.7850901146914254
28152,26078,486,5,18.63639849681724,0.19173249482322263
28159,3126,72,0,23.032629558541267,0
28160,4015,91,2,22.665006226650064,0.49813200498132004
28163,5814,66,0,11.351909184726523,0
28164,15447,213,3,13.789085259273646,0.19421246844047388
28166,9868,110,1,11.14714227807053,0.10133765707336846
28167,2418,31,1,12.820512820512821,0.41356492969396197
28168,10437,195,3,18.68352974992814,0.2874389192296637
28170,12494,267,3,21.37025772370738,0.24011525532255482
28173,63837,948,5,14.85032191362376,0.07832448266679198
28174,9287,260,2,27.996123613653495,0.2153547970281038
28202,16755,427,0,25.484929871680094,0
28203,19070,474,2,24.855794441531202,0.1048767697954903
28204,8738,267,3,30.556191348134586,0.3433279926756695
28205,51821,1590,28,30.682541826672583,0.540321491287316
28206,15244,356,2,23.353450537916558,0.13119916032537393
28207,9761,205,1,21.00194652187276,0.10244851961889151
28208,39944,1217,11,30.467654716603246,0.27538553975565794
28209,26012,570,4,21.912963247731817,0.15377518068583731
28210,44704,1352,18,30.24337866857552,0.40264853256979244
28211,31253,637,26,20.38204332384091,0.831920135666976
28212,42744,1775,21,41.52629608833988,0.4912970241437395
28213,45338,1541,17,33.98914817592307,0.3749614010322467
28214,41208,1124,6,27.276257037468454,0.145602795573675
28215,60256,2111,19,35.03385554965481,0.3153212958045672
28216,58744,1432,15,24.37695764673839,0.25534522674656135
28217,30875,1480,6,47.935222672064775,0.19433198380566802
28226,40227,747,11,18.56961742113506,0.27344818156959255
28227,57319,1597,16,27.86161656693243,0.279139552329943
28262,46624,984,13,21.105010295126974,0.2788263555250515
28269,81464,1697,19,20.831287439850733,0.2332318570165963
28270,34753,419,5,12.056513106782148,0.14387247144131443
28273,40544,1281,18,31.595303867403317,0.44396211523283347
28277,72020,972,9,13.496251041377395,0.12496528742016107
28278,32539,587,2,18.03989059282707,0.06146470389378899
28301,17717,457,27,25.79443472371169,1.5239600383812157
28303,34600,377,3,10.895953757225433,0.08670520231213873
28304,39651,614,11,15.485107563491463,0.277420493808479
28305,5010,84,2,16.766467065868262,0.3992015968063872
28306,42565,639,5,15.01233407729355,0.1174674027957242
28307,15486,103,0,6.65116879762366,0
28308,737,0,0,0,0
28310,8861,217,0,24.489335289470713,0
28311,36046,565,3,15.674416023969373,0.08322698773789047
28312,18419,276,3,14.984526847277268,0.16287529181823118
28314,53642,840,9,15.65937138809142,0.16777897915812237
28315,13329,249,3,18.681071348188162,0.22507314877335133
28318,4579,47,1,10.26424983620878,0.21838829438742083
28320,9381,115,1,12.258821021213091,0.10659844366272253
28323,4578,61,0,13.324595893403233,0
28326,22382,256,2,11.437762487713341,0.08935751943526048
28327,18273,207,2,11.3281891315055,0.1094511027198599
28328,26951,926,16,34.35865088493934,0.5936699936922564
28333,10709,392,9,36.604724997665514,0.8404146045382389
28334,26215,568,4,21.666984550829678,0.15258439824527942
28337,11927,245,5,20.541628238450574,0.41921690282552193
28338,4804,97,2,20.19150707743547,0.4163197335553705
28339,7226,135,3,18.682535289233325,0.41516745087185164
28340,10738,408,17,37.99590240268206,1.5831626001117527
28341,5080,199,1,39.173228346456696,0.1968503937007874
28343,1567,23,0,14.67772814294831,0
28344,3814,95,1,24.908232826428947,0.26219192448872575
28345,12656,247,5,19.51643489254109,0.3950695322376738
28347,1826,59,0,32.31106243154436,0
28348,36052,589,4,16.33751248197049,0.11095084877399312
28349,3955,155,12,39.19089759797724,3.034134007585335
28351,5269,80,0,15.183146707155059,0
28352,25298,772,9,30.516246343584474,0.35575934856510394
28356,4914,66,3,13.431013431013431,0.6105006105006106
28357,3224,61,1,18.92059553349876,0.31017369727047145
28358,38517,1188,22,30.84352363891269,0.5711763636835683
28360,14944,456,5,30.51391862955032,0.33458244111349034
28363,1079,25,1,23.169601482854496,0.9267840593141798
28364,15170,378,5,24.917600527356626,0.3295978905735003
28365,17063,592,19,34.69495399402215,1.1135204829162515
28366,5153,139,2,26.974577915777218,0.38812342324859306
28369,2396,48,1,20.03338898163606,0.41736227045075125
28371,7085,117,3,16.513761467889907,0.4234297812279464
28372,15254,436,4,28.5826668414842,0.2622263012980202
28373,2552,40,1,15.67398119122257,0.39184952978056425
28374,18171,240,8,13.207858675912167,0.44026195586373895
28376,43831,842,13,19.210148068718485,0.29659373502772013
28377,13036,443,10,33.982816814973916,0.7671064743786438
28379,25804,497,8,19.260579755076733,0.3100294527980158
28382,8006,104,0,12.990257307019736,0
28383,7713,222,2,28.782574873590043,0.25930247633864906
28384,12414,446,3,35.927178991461254,0.2416626389560174
28385,3005,43,0,14.309484193011647,0
28386,6068,297,6,48.9452867501648,0.988793671720501
28387,17139,199,2,11.610945796137464,0.11669292257424588
28390,23494,284,6,12.088192730058738,0.25538435345194516
28391,5326,65,0,12.20428088621855,0
28392,1554,53,1,34.105534105534105,0.6435006435006435
28393,2160,58,1,26.85185185185185,0.46296296296296297
28394,6164,63,1,10.220635950681375,0.16223231667748214
28395,2657,37,0,13.925479864508844,0
28396,2679,60,2,22.396416573348265,0.7465472191116088
28398,7672,324,9,42.231491136600624,1.173096976016684
28399,1934,66,1,34.126163391933815,0.5170630816959669
28401,24213,453,8,18.708957997769794,0.33040102424317513
28403,41945,968,3,23.077840028608893,0.0715222314936226
28405,33719,579,3,17.171327738070524,0.08897061004181618
28409,34974,449,5,12.838108309029565,0.1429633441985475
28411,38820,514,5,13.240597630087583,0.1287995878413189
28412,42977,557,4,12.960420690136585,0.09307303906740814
28420,5116,98,1,19.155590304925724,0.19546520719311963
28421,2040,16,0,7.8431372549019605,0
28422,8682,94,7,10.826998387468326,0.8062658373646625
28423,2285,45,1,19.693654266958426,0.437636761487965
28425,12625,196,3,15.524752475247524,0.2376237623762376
28428,7142,106,0,14.841781013721647,0
28429,8542,93,0,10.887380004682743,0
28430,2055,38,1,18.491484184914842,0.48661800486618007
28431,6741,174,7,25.812194036493104,1.0384215991692627
28432,1684,51,2,30.28503562945368,1.187648456057007
28433,5297,77,0,14.536530111383803,0
28434,1357,16,0,11.790714812085483,0
28435,2931,29,0,9.89423404981235,0
28436,2312,35,0,15.13840830449827,0
28438,1688,29,0,17.180094786729857,0
28439,1536,46,4,29.947916666666668,2.6041666666666665
28441,3328,76,2,22.83653846153846,0.6009615384615384
28442,1734,45,1,25.951557093425606,0.5767012687427913
28443,22483,292,0,12.987590624027042,0
28444,2278,94,0,41.26426690079017,0
28445,8142,88,1,10.808155244411692,0.12281994595922378
28447,1334,76,0,56.97151424287856,0
28448,1216,19,1,15.625,0.8223684210526315
28449,1958,21,0,10.725229826353422,0
28450,2397,63,5,26.2828535669587,2.0859407592824364
28451,39194,441,3,11.251722202377914,0.07654232790733276
28452,513,19,0,37.03703703703704,0
28453,4137,276,6,66.71501087744743,1.4503263234227701
28454,3549,20,0,5.635390250774866,0
28455,1718,48,2,27.939464493597207,1.1641443538998837
28456,3566,89,1,24.95793606281548,0.28042624789680315
28457,12840,215,2,16.74454828660436,0.1557632398753894
28458,7018,279,6,39.75491593046452,0.8549444286121403
28460,10588,139,1,13.128069512655836,0.09444654325651682
28461,20575,124,2,6.026731470230863,0.09720534629404617
28462,14309,161,5,11.251659794534907,0.34943042840170524
28463,9865,275,17,27.87633046122656,1.7232640648758235
28464,2491,100,2,40.14452027298274,0.8028904054596547
28465,8285,53,0,6.3971031985516,0
28466,10375,332,7,32,0.6746987951807228
28467,11393,139,3,12.20047397524796,0.2633195821995962
28468,5394,54,0,10.011123470522802,0
28469,7481,98,2,13.099852960834113,0.26734393797620637
28470,13446,195,2,14.502454261490406,0.14874312063067083
28472,20002,415,14,20.747925207479252,0.6999300069993001
28478,4976,102,0,20.4983922829582,0
28479,4874,70,1,14.36192039392696,0.2051702913418137
28480,2737,85,0,31.055900621118013,0
28501,19507,247,5,12.662121289793408,0.25631824473266007
28504,21016,382,18,18.176627331556908,0.8564902931100115
28508,2984,108,2,36.193029490616624,0.6702412868632708
28510,1543,9,0,5.832793259883344,0
28511,628,2,0,3.1847133757961785,0
28512,3689,19,1,5.150447275684467,0.27107617240444565
28513,10825,198,1,18.290993071593533,0.09237875288683603
28515,3463,139,2,40.13860814322842,0.5775339301183945
28516,12482,85,3,6.809806120813972,0.2403460983816696
28518,8803,156,2,17.721231398386912,0.22719527433829376
28520,352,0,0,0,0
28521,2259,40,2,17.706949977866312,0.8853474988933157
28523,2274,32,2,14.07211961301671,0.8795074758135444
28524,443,0,0,0,0
28525,3309,37,0,11.18162586884255,0
28526,2384,28,0,11.74496644295302,0
28527,905,6,0,6.629834254143646,0
28528,640,0,0,0,0
28529,2539,49,0,19.29893658920835,0
28530,7474,132,1,17.66122558201766,0.1337971635001338
28531,1414,7,0,4.9504950495049505,0
28532,25868,170,2,6.571826194526055,0.07731560228854183
28537,186,0,0,0,0
28538,3342,60,0,17.953321364452425,0
28539,18000,116,1,6.444444444444445,0.05555555555555555
28540,56410,462,7,8.190037227441943,0.12409147314305974
28542,6146,88,0,14.318255776114546,0
28543,6618,38,2,5.7419159867029315,0.3022061045633122
28544,5607,52,2,9.274121633672195,0.35669698591046906
28546,51963,431,4,8.294363296961299,0.07697784962377076
28547,13868,206,0,14.85434092875685,0
28551,14265,290,6,20.329477742726954,0.4206098843322818
28552,131,0,0,0,0
28553,522,3,0,5.747126436781609,0
28555,4702,41,0,8.719693747341557,0
28556,1150,3,0,2.608695652173913,0
28557,15254,159,0,10.423495476596303,0
28560,29254,407,18,13.912627333014289,0.6153004717303616
28562,38009,463,10,12.181325475545266,0.26309558262516775
28570,22687,246,1,10.84321417551902,0.04407810640454886
28571,3137,16,0,5.100414408670704,0
28572,6379,107,1,16.773788995140304,0.15676438313215238
28573,2475,71,9,28.68686868686869,3.6363636363636362
28574,17702,193,4,10.902722856174444,0.2259631680036154
28577,595,5,0,8.403361344537815,0
28578,7044,243,3,34.49744463373084,0.42589437819420783
28579,798,7,0,8.771929824561404,0
28580,12031,280,5,23.273210871914223,0.4155930512841825
28581,224,0,0,0,0
28582,1824,8,0,4.385964912280702,0
28584,12910,75,0,5.809450038729667,0
28585,4170,43,2,10.311750599520384,0.47961630695443647
28586,8427,245,1,29.07321704046517,0.11866619200189867
28587,324,0,0,0,0
28590,26551,528,6,19.886256638168053,0.22598018907009151
28594,3678,33,0,8.97226753670473,0
28601,49848,1000,15,20.060985395602632,0.3009147809340395
28602,31218,621,20,19.89236978666154,0.6406560317765392
28604,6449,44,0,6.822763219103737,0
28605,4143,25,0,6.034274680183442,0
28606,2367,30,0,12.67427122940431,0
28607,37481,409,1,10.912195512392946,0.02668018462687762
28608,0,0,0,NA,NA
28609,6457,90,0,13.938361468174074,0
28610,10238,155,1,15.139675717913654,0.09767532721234616
28611,978,16,0,16.359918200409,0
28612,14906,208,8,13.954112437944453,0.5366966322286327
28613,25216,489,8,19.39244923857868,0.31725888324873097
28615,1883,23,0,12.214551248008497,0
28617,2451,29,0,11.831905344757242,0
28618,2480,24,0,9.67741935483871,0
28621,10400,252,8,24.23076923076923,0.7692307692307693
28622,2638,28,0,10.614101592115238,0
28623,1716,36,0,20.97902097902098,0
28624,1893,34,1,17.96090861067089,0.5282620179609087
28625,38862,669,14,17.214759919715917,0.36024908651124493
28626,3001,12,0,3.9986671109630123,0
28627,1534,8,0,5.215123859191656,0
28630,20474,426,7,20.806877014750416,0.341897040148481
28631,536,21,0,39.17910447761194,0
28634,5269,86,0,16.321882710191687,0
28635,4032,47,3,11.656746031746032,0.7440476190476191
28636,5186,79,4,15.233320478210567,0.7713073659853451
28637,1583,35,0,22.109917877447884,0
28638,12560,226,0,17.993630573248407,0
28640,4805,27,0,5.6191467221644125,0
28642,5578,105,1,18.82395123700251,0.17927572606669057
28643,3443,21,0,6.099331977926227,0
28644,1570,8,0,5.095541401273885,0
28645,47621,860,12,18.059259570357614,0.25198966842359466
28646,463,14,0,30.237580993520517,0
28649,1034,11,0,10.638297872340425,0
28650,13374,226,2,16.89845969792134,0.14954389113204725
28651,6653,90,2,13.527731850293101,0.3006162633398467
28654,3800,71,2,18.68421052631579,0.5263157894736842
28655,58249,1434,23,24.618448385380006,0.3948565640611856
28657,9610,59,0,6.139438085327783,0
28658,25858,511,7,19.761775852734164,0.2707092582566324
28659,21013,400,6,19.035834959310904,0.28553752438966357
28660,2336,37,0,15.83904109589041,0
28663,715,3,0,4.195804195804196,0
28665,2986,30,1,10.046885465505694,0.33489618218352313
28668,39,0,0,0,0
28669,3133,35,0,11.171401212894988,0
28670,3183,37,2,11.62425384857053,0.6283380458686774
28672,35,0,0,0,0
28673,6621,69,0,10.42138649750793,0
28675,6805,163,0,23.952975753122704,0
28676,3444,46,0,13.356562137049941,0
28677,35614,641,7,17.99853990003931,0.19655191778514067
28678,5252,51,0,9.71058644325971,0
28679,2122,12,0,5.655042412818096,0
28681,26959,331,2,12.27790348306688,0.07418672799436181
28682,1099,6,0,5.45950864422202,0
28683,1934,20,0,10.341261633919338,0
28684,2175,8,1,3.67816091954023,0.45977011494252873
28685,1908,18,0,9.433962264150944,0
28689,1662,25,0,15.042117930204572,0
28690,9427,142,3,15.063116580036066,0.31823485732470563
28692,4504,49,0,10.879218472468917,0
28693,1693,15,0,8.860011813349084,0
28694,8096,80,0,9.881422924901186,0
28697,13376,302,16,22.577751196172247,1.1961722488038278
28698,1844,32,0,17.35357917570499,0
28701,4830,21,0,4.3478260869565215,0
28702,704,3,0,4.261363636363637,0
28704,21728,329,0,15.141752577319588,0
28705,7168,30,0,4.185267857142857,0
28708,1340,2,0,1.492537313432836,0
28709,2308,5,0,2.166377816291161,0
28711,15250,102,9,6.688524590163935,0.5901639344262295
28712,19644,215,6,10.94481775605783,0.30543677458766033
28713,9333,50,1,5.357334190506804,0.10714668381013608
28714,17066,98,0,5.742411812961444,0
28715,27289,287,3,10.51705815530067,0.10993440580453663
28716,18650,260,28,13.941018766756033,1.5013404825737264
28717,1471,49,1,33.310673011556766,0.6798096532970768
28718,607,4,0,6.589785831960461,0
28719,6945,105,3,15.118790496760258,0.4319654427645788
28721,10866,86,0,7.914595987483895,0
28722,6854,85,1,12.401517362124308,0.14590020426028597
28723,11678,137,0,11.731460866586744,0
28726,3477,92,2,26.459591601955708,0.5752085130859936
28729,2978,21,0,7.0517125587642715,0
28730,10068,58,1,5.76082638061184,0.09932459276916965
28731,9271,220,7,23.729910473519578,0.7550426059756229
28732,18899,154,0,8.148579289909518,0
28733,200,0,0,0,0
28734,28423,459,1,16.148893501741547,0.03518277451359814
28735,294,0,0,0,0
28736,740,13,0,17.56756756756757,0
28739,21994,184,3,8.365917977630263,0.13640083659179777
28740,2123,13,0,6.123410268487989,0
28741,3135,75,0,23.923444976076556,0
28742,2834,25,0,8.821453775582215,0
28743,2422,11,0,4.541701073492981,0
28745,598,9,0,15.050167224080267,0
28746,2618,40,0,15.278838808250573,0
28747,2517,8,1,3.1783869686134287,0.3972983710766786
28748,12684,105,4,8.278145695364238,0.315357931251971
28751,3738,29,0,7.758159443552702,0
28752,31501,639,16,20.285070315228086,0.5079203834798895
28753,12286,44,0,3.581312062510174,0
28754,8823,41,1,4.646945483395671,0.11334013374135782
28756,4770,58,0,12.159329140461216,0
28759,7867,87,1,11.058853438413626,0.12711325791280031
28761,8493,159,8,18.721299894030377,0.9419521959260567
28762,7603,89,1,11.70590556359332,0.1315270288044193
28763,2864,28,0,9.776536312849162,0
28766,1526,4,0,2.6212319790301444,0
28768,7895,76,0,9.626345788473717,0
28771,8212,128,2,15.586945932781296,0.24354603019970775
28772,1942,2,0,1.0298661174047374,0
28773,3508,58,4,16.53363740022805,1.1402508551881414
28774,1569,18,0,11.47227533460803,0
28775,493,5,1,10.141987829614605,2.028397565922921
28777,10391,254,3,24.444230584159367,0.288711384852276
28778,10803,116,1,10.737758030176803,0.09256687957048967
28779,17646,186,2,10.540632437946277,0.11334013374135782
28781,957,6,0,6.269592476489028,0
28782,6512,68,3,10.442260442260443,0.4606879606879607
28783,1905,32,2,16.79790026246719,1.0498687664041995
28785,8309,46,0,5.536165603562402,0
28786,21837,149,1,6.823281586298484,0.04579383614965426
28787,20681,196,0,9.477298002997921,0
28789,6551,52,1,7.937719432147763,0.1526484506182262
28790,3775,34,0,9.006622516556291,0
28791,15811,233,10,14.736575801657073,0.6324710644488014
28792,37949,824,41,21.71335213049092,1.0803973754249123
28801,16782,179,4,10.66618996543916,0.23835061375283043
28803,34731,381,8,10.970026777230716,0.23034176960064495
28804,23302,152,6,6.523045232168912,0.25748862758561497
28805,20394,193,11,9.4635677159949,0.5393743257820928
28806,43841,701,30,15.98959877740015,0.6842909605164116
28901,6039,153,4,25.33532041728763,0.662361318099023
28902,1562,21,0,13.444302176696542,0
28904,9535,97,2,10.17304667016256,0.2097535395909806
28905,3548,49,0,13.810597519729425,0
28906,20296,353,6,17.39258967284194,0.29562475364603863
28909,1068,8,0,7.49063670411985,0
